mode,files,compounds,median_ic50_uM,min_ic50_uM
PLAIN,25,34879,16.590874101075546,0.567864063079049
CL,27,23157,16.731834761513944,0.5678641004229231
RL,27,26109,17.50753893065115,0.7802565766176098
OTHER,12,35013,20.630466666666667,0.8163
