canonical_smiles,SMILES_state,NLL,pred_logIC50_uM,pred_ic50_uM,pred_pIC50,pred_cLogP,pred_logS_ESOL,pred_Solubility_ESOL_mol_per_L,pred_Solubility_ESOL_class,pred_MetStab_Clearance_Microsome_AZ,pred_MetStab_Clearance_Hepatocyte_AZ,pred_MetStab_Half_Life_Obach,passes_optimal
CCCCCCC#Cc1cncc(N2CCC3(CN(C(=O)c4ccc5c(c4)OCO5)C3)C2)c1,1,21.24,0.6976196057554537,4.984477107800574,5.302380394244547,4.484700000000004,-6.1461670005744535,7.142216314539585e-07,Poorly Soluble,80.24115,73.25272,54.734943,0
CC(C)(C)OC(=O)N1CC2(CCN(c3cncc(C#Cc4ccccc4)c3)C2)C1,1,14.99,0.7845766593177025,6.089430236109748,5.215423340682298,3.928600000000003,-5.401558237860797,3.966813313384535e-06,Moderately Soluble,77.17143,66.19453,68.21645,0
CCCCCCOC1CN(c2cncc(N3CCC4(CN(C(=O)OC(C)(C)C)C4)C3)c2)C1,1,11.12,0.8679607862685046,7.378376055846107,5.132039213731495,4.314300000000004,-5.931567930662753,1.1706634773464518e-06,Moderately Soluble,111.380104,83.932755,40.944145,0
CC(C)(C)OC(=O)N1CC2(CCN(c3cncc(N4CC(OCCCc5ccccc5)C4)c3)C2)C1,1,9.57,1.0473835505056226,11.152790660478347,4.952616449494378,4.366800000000004,-6.2651626113362795,5.430469622811789e-07,Poorly Soluble,109.729294,82.82417,26.468012,0
CC(C)(C)OC(=O)N1CC2(CCN(c3cncc(-c4ccc(F)cc4)c3)C2)C1,1,20.03,1.1167261325111626,13.08356608943169,4.883273867488837,4.334900000000004,-5.665853103678627,2.158474370827746e-06,Moderately Soluble,88.48722,69.719734,39.344315,0
C(#Cc1cncc(N2CCC3(CNC3)C2)c1)c1ccccc1,1,8.46,1.2327764300629709,17.09135244895569,4.767223569937029,2.2811000000000003,-3.5736085790518586,0.0002669263334483793,Soluble,-10.388596,13.974945,35.81878,0
CC(C)(C)OC(=O)N1CC2(CCN(c3cncc(Br)c3)C2)C1,1,13.21,1.4366726619108101,27.332078659132197,4.56332733808919,3.2913000000000023,-4.728387252331348,1.869014831275776e-05,Moderately Soluble,76.27513,70.12133,35.375637,0
CC(C)(C)OC(=O)N1CC2(CCN(c3cccc(Br)n3)C2)C1,1,9.69,1.5329172481254552,34.11279058149636,4.467082751874544,3.2913000000000023,-4.728387252331348,1.869014831275776e-05,Moderately Soluble,86.587166,75.13175,37.792244,0
