canonical_smiles,SMILES_state,NLL,pred_logIC50_uM,pred_ic50_uM,pred_pIC50,pred_cLogP,pred_logS_ESOL,pred_Solubility_ESOL_mol_per_L,pred_Solubility_ESOL_class,pred_MetStab_Clearance_Microsome_AZ,pred_MetStab_Clearance_Hepatocyte_AZ,pred_MetStab_Half_Life_Obach,passes_optimal
O=[N+]([O-])c1ccc(CN2CCC(N=c3[nH]c4cc([N+](=O)[O-])ccc4[nH]c3=NC3CC3)C2)cc1,1,31.56,0.2882706748059049,1.9420959151972945,5.711729325194095,2.550700000000001,-4.789283111705624,1.6244894240548454e-05,Moderately Soluble,50.95753,16.271484,43.297577,1
Cc1cc(=O)oc2c(N=NNc3ccc([N+](=O)[O-])cc3[N+](=O)[O-])cc(S(=O)(=O)O)cc12,1,29.96,0.6583228094895444,4.553263768193114,5.341677190510456,3.2753200000000007,-5.33929419160917,4.578316459350029e-06,Moderately Soluble,2.389726,-10.418154,136.98898,1
O=C(c1ccc(OC(F)(F)F)cc1)N1CCC(CCN2CCC3CNCCC3C2)C1,1,35.76,0.668288971875721,4.658959893724114,5.331711028124279,3.368800000000001,-5.119507404177269,7.594384750821604e-06,Moderately Soluble,-13.397951,-29.937567,42.288307,1
